Aaron,M
Abbey,F
Abbie,F
Abby,F
Abdul,M
Abe,M
Abel,M
Abigail,M
Abraham,M
Abram,M
Ada,F
Adah,F
Adalberto,M
Adaline,F
Adam,M
Adan,N
Addie,N
Adela,F
Adelaida,F
Adelaide,F
Adele,F
Adelia,F
Adelina,F
Adeline,F
Adell,F
Adella,F
Adelle,F
Adena,F
Adina,F
Adolfo,M
Adolph,M
Adria,F
Adrian,F
Adriana,F
Adriane,F
Adrianna,F
Adrianne,F
Adrien,M
Adriene,F
Adrienne,F
Afton,M
Agatha,F
Agnes,F
Agnus,M
Agripina,F
Agueda,F
Agustin,M
Agustina,F
Ahmad,M
Ahmed,M
Ai,N
Aida,F
Aide,F
Aiko,M
Aileen,F
Ailene,F
Aimee,F
Aisha,F
Aja,F
Akiko,M
Akilah,F
Al,M
Alaina,F
Alaine,F
Alan,M
Alana,F
Alane,N
Alanna,F
Alayna,F
Alba,F
Albert,M
Alberta,F
Albertha,F
Albertina,F
Albertine,F
Alberto,M
Albina,F
Alda,F
Alden,M
Aldo,M
Alease,F
Alec,M
Alecia,F
Aleen,F
Aleida,F
Aleisha,F
Alejandra,F
Alejandrina,F
Alejandro,M
Alena,F
Alene,F
Alesha,F
Aleshia,F
Alesia,F
Alessandra,F
Aleta,F
Aletha,F
Alethea,F
Alethia,F
Alex,M
Alexa,F
Alexander,M
Alexandra,F
Alexandria,F
Alexia,F
Alexis,N
Alfonso,M
Alfonzo,M
Alfred,M
Alfreda,F
Alfredia,F
Alfredo,M
Ali,N
Alia,F
Alica,F
Alice,F
Alicia,F
Alida,F
Alina,F
Aline,F
Alisa,F
Alise,F
Alisha,F
Alishia,F
Alisia,F
Alison,F
Alissa,F
Alita,F
Alix,N
Aliza,F
Alla,F
Allan,M
Alleen,N
Allegra,F
Allen,M
Allena,F
Allene,F
Allie,F
Alline,F
Allison,F
Allyn,F
Allyson,F
Alma,F
Almeda,F
Almeta,F
Alona,F
Alonso,M
Alonzo,M
Alpha,F
Alphonse,M
Alphonso,M
Alta,F
Altagracia,F
Altha,F
Althea,F
Alton,N
Alva,F
Alvaro,M
Alvera,F
Alverta,F
Alvin,M
Alvina,F
Alyce,F
Alycia,F
Alysa,F
Alyse,F
Alysha,F
Alysia,F
Alyson,F
Alyssa,F
Amada,F
Amado,M
Amal,N
Amalia,F
Amanda,F
Amber,F
Amberly,F
Ambrose,F
Amee,F
Amelia,F
America,F
Ami,F
Amie,F
Amiee,F
Amina,F
Amira,F
Ammie,F
Amos,M
Amparo,F
Amy,F
An,F
Ana,N
Anabel,F
Analisa,F
Anamaria,F
Anastacia,F
Anastasia,F
Andera,F
Anderson,M
Andra,F
Andre,F
Andrea,N
Andreas,M
Andree,N
Andres,N
Andrew,M
Andria,F
Andy,F
Anette,F
Angel,F
Angela,F
Angele,F
Angelena,F
Angeles,F
Angelia,F
Angelic,F
Angelica,F
Angelika,F
Angelina,F
Angeline,F
Angelique,F
Angelita,F
Angella,F
Angelo,M
Angelyn,F
Angie,F
Angila,F
Angla,F
Angle,N
Anglea,F
Anh,F
Anibal,N
Anika,F
Anisa,F
Anisha,F
Anissa,F
Anita,F
Anitra,F
Anja,F
Anjanette,F
Anjelica,F
Ann,F
Anna,F
Annabel,F
Annabell,F
Annabelle,F
Annalee,F
Annalisa,F
Annamae,F
Annamaria,F
Annamarie,F
Anne,F
Anneliese,F
Annelle,F
Annemarie,F
Annett,F
Annetta,F
Annette,F
Annice,F
Annie,F
Annika,F
Annis,N
Annita,F
Annmarie,F
Anthony,M
Antione,M
Antionette,F
Antoine,M
Antoinette,F
Anton,M
Antone,M
Antonetta,F
Antonette,F
Antonia,F
Antonietta,F
Antonina,F
Antonio,M
Antony,M
Antwan,M
Anya,F
Apolonia,F
April,F
Apryl,F
Ara,F
Araceli,N
Aracelis,N
Aracely,F
Arcelia,F
Archie,N
Ardath,N
Ardelia,F
Ardell,F
Ardella,F
Ardelle,F
Arden,M
Ardis,N
Ardith,F
Aretha,F
Argelia,F
Argentina,F
Ariana,F
Ariane,F
Arianna,F
Arianne,F
Arica,F
Arie,N
Ariel,F
Arielle,F
Arla,F
Arlean,F
Arleen,F
Arlen,F
Arlena,F
Arlene,F
Arletha,F
Arletta,F
Arlette,F
Arlie,F
Arlinda,F
Arline,F
Arlyne,F
Armand,M
Armanda,F
Armandina,F
Armando,M
Armida,F
Arminda,F
Arnetta,F
Arnette,F
Arnita,F
Arnold,M
Arnoldo,M
Arnulfo,M
Aron,M
Arron,M
Art,M
Arthur,M
Artie,N
Arturo,M
Arvilla,F
Asa,F
Asha,F
Ashanti,F
Ashely,N
Ashlea,F
Ashlee,F
Ashleigh,N
Ashley,N
Ashli,N
Ashlie,N
Ashly,N
Ashlyn,F
Ashton,M
Asia,N
Asley,N
Assunta,F
Astrid,F
Asuncion,N
Athena,F
Aubrey,F
Audie,F
Audra,F
Audrea,F
Audrey,F
Audria,F
Audrie,F
Audry,F
August,N
Augusta,F
Augustina,F
Augustine,F
Augustus,N
Aundrea,N
Aura,F
Aurea,F
Aurelia,F
Aurelio,M
Aurora,F
Aurore,F
Austin,M
Autumn,N
Ava,F
Avelina,F
Avery,N
Avis,N
Avril,F
Awilda,F
Ayako,M
Ayana,F
Ayanna,F
Ayesha,F
Azalee,F
Azucena,F
Azzie,N
Babara,F
Babette,F
Bailey,N
Bambi,F
Bao,N
Barabara,F
Barb,N
Barbar,N
Barbara,F
Barbera,F
Barbie,F
Barbra,F
Bari,N
Barney,M
Barrett,M
Barrie,M
Barry,M
Bart,M
Barton,M
Basil,N
Basilia,F
Bea,F
Beata,F
Beatrice,F
Beatris,F
Beatriz,F
Beau,N
Beaulah,F
Bebe,F
Becki,F
Beckie,F
Becky,F
Bee,N
Belen,N
Belia,F
Belinda,F
Belkis,N
Bell,N
Bella,F
Belle,F
Belva,N
Ben,M
Benedict,M
Benita,F
Benito,M
Benjamin,M
Bennett,M
Bennie,N
Benny,M
Benton,M
Berenice,F
Berna,F
Bernadette,F
Bernadine,F
Bernard,M
Bernarda,F
Bernardina,F
Bernardine,F
Bernardo,M
Berneice,F
Bernetta,F
Bernice,F
Bernie,M
Berniece,F
Bernita,F
Berry,M
Bert,M
Berta,F
Bertha,F
Bertie,N
Bertram,M
Beryl,N
Bess,F
Bessie,F
Beth,F
Bethanie,F
Bethann,F
Bethany,F
Bethel,F
Betsey,F
Betsy,F
Bette,F
Bettie,F
Bettina,F
Betty,F
Bettyann,F
Bettye,F
Beula,F
Beulah,F
Bev,F
Beverlee,F
Beverley,F
Beverly,F
Bianca,F
Bibi,F
Bill,M
Billi,F
Billie,N
Billy,M
Billye,N
Birdie,F
Birgit,F
Blaine,F
Blair,F
Blake,M
Blanca,F
Blanch,N
Blanche,N
Blondell,F
Blossom,F
Blythe,N
Bo,N
Bob,M
Bobbi,N
Bobbie,N
Bobby,N
Bobbye,N
Bobette,F
Bok,N
Bong,N
Bonita,F
Bonnie,N
Bonny,N
Booker,N
Boris,M
Boyce,M
Boyd,M
Brad,M
Bradford,M
Bradley,M
Bradly,M
Brady,M
Brain,N
Branda,F
Brande,F
Brandee,F
Branden,F
Brandi,F
Brandie,F
Brandon,M
Brandy,F
Brant,M
Breana,F
Breann,F
Breanna,F
Breanne,F
Bree,F
Brenda,F
Brendan,F
Brendon,M
Brenna,F
Brent,M
Brenton,M
Bret,M
Brett,M
Brian,M
Briana,F
Brianna,F
Brianne,F
Brice,M
Bridget,F
Bridgett,F
Bridgette,F
Brigette,F
Brigid,F
Brigida,F
Brigitte,F
Brinda,F
Britany,F
Britney,F
Britni,F
Britt,F
Britta,F
Brittaney,F
Brittani,F
Brittanie,F
Brittany,F
Britteny,F
Brittney,F
Brittni,F
Brittny,F
Brock,M
Broderick,M
Bronwyn,M
Brook,N
Brooke,N
Brooks,N
Bruce,M
Bruna,N
Brunilda,F
Bruno,M
Bryan,M
Bryanna,F
Bryant,M
Bryce,M
Brynn,M
Bryon,M
Buck,M
Bud,M
Buddy,N
Buena,F
Buffy,F
Buford,M
Bula,F
Bulah,F
Bunny,N
Burl,M
Burma,F
Burt,M
Burton,M
Buster,M
Byron,M
Caitlin,F
Caitlyn,F
Calandra,F
Caleb,M
Calista,F
Callie,F
Calvin,M
Camelia,F
Camellia,F
Cameron,N
Cami,N
Camie,N
Camila,F
Camilla,F
Camille,F
Cammie,F
Cammy,F
Candace,F
Candance,F
Candelaria,F
Candi,F
Candice,F
Candida,F
Candie,F
Candis,F
Candra,F
Candy,F
Candyce,F
Caprice,N
Cara,F
Caren,F
Carey,F
Cari,F
Caridad,N
Carie,F
Carin,F
Carina,F
Carisa,F
Carissa,F
Carita,F
Carl,M
Carla,F
Carlee,F
Carleen,F
Carlena,F
Carlene,F
Carletta,F
Carley,F
Carli,F
Carlie,F
Carline,F
Carlita,F
Carlo,M
Carlos,M
Carlota,F
Carlotta,F
Carlton,M
Carly,F
Carlyn,F
Carma,F
Carman,F
Carmel,N
Carmela,F
Carmelia,F
Carmelina,F
Carmelita,F
Carmella,F
Carmelo,M
Carmen,F
Carmina,F
Carmine,F
Carmon,F
Carol,F
Carola,F
Carolann,F
Carole,F
Carolee,F
Carolin,F
Carolina,F
Caroline,F
Caroll,F
Carolyn,F
Carolyne,F
Carolynn,F
Caron,N
Caroyln,F
Carri,F
Carrie,F
Carrol,F
Carroll,F
Carry,F
Carson,M
Carter,M
Cary,N
Caryl,N
Carylon,N
Caryn,F
Casandra,F
Casey,N
Casie,N
Casimira,F
Cassandra,F
Cassaundra,F
Cassey,F
Cassi,F
Cassidy,F
Cassie,F
Cassondra,F
Cassy,F
Catalina,F
Catarina,F
Caterina,F
Catharine,F
Catherin,F
Catherina,F
Catherine,F
Cathern,F
Catheryn,F
Cathey,F
Cathi,F
Cathie,F
Cathleen,F
Cathrine,F
Cathryn,F
Cathy,F
Catina,F
Catrice,F
Catrina,F
Cayla,F
Cecelia,F
Cecil,F
Cecila,F
Cecile,F
Cecilia,F
Cecille,F
Cecily,F
Cedric,M
Cedrick,M
Celena,F
Celesta,F
Celeste,F
Celestina,F
Celestine,F
Celia,F
Celina,F
Celinda,F
Celine,F
Celsa,F
Ceola,F
Cesar,M
Chad,M
Chadwick,M
Chae,N
Chan,M
Chana,F
Chance,N
Chanda,F
Chandra,F
Chanel,F
Chanell,F
Chanelle,F
Chang,N
Chantal,F
Chantay,F
Chante,F
Chantel,F
Chantell,F
Chantelle,F
Chara,F
Charis,N
Charise,F
Charissa,F
Charisse,F
Charita,F
Charity,F
Charla,F
Charleen,F
Charlena,F
Charlene,F
Charles,M
Charlesetta,F
Charlette,F
Charley,N
Charlie,N
Charline,F
Charlott,F
Charlotte,F
Charlsie,N
Charlyn,N
Charmain,N
Charmaine,N
Charolette,F
Chas,N
Chase,N
Chasidy,F
Chasity,F
Chassidy,F
Chastity,F
Chau,F
Chauncey,N
Chaya,F
Chelsea,F
Chelsey,F
Chelsie,F
Cher,F
Chere,F
Cheree,F
Cherelle,F
Cheri,F
Cherie,F
Cherilyn,F
Cherise,F
Cherish,F
Cherly,F
Cherlyn,F
Cherri,F
Cherrie,F
Cherry,F
Cherryl,F
Chery,F
Cheryl,F
Cheryle,F
Cheryll,F
Chester,M
Chet,N
Cheyenne,F
Chi,N
Chia,F
Chieko,M
Chin,N
China,F
Ching,N
Chiquita,F
Chloe,F
Chong,M
Chris,M
Chrissy,F
Christa,F
Christal,F
Christeen,F
Christel,F
Christen,N
Christena,F
Christene,F
Christi,F
Christia,F
Christian,M
Christiana,F
Christiane,F
Christie,F
Christin,N
Christina,F
Christine,F
Christinia,F
Christoper,M
Christopher,M
Christy,F
Chrystal,F
Chu,N
Chuck,M
Chun,N
Chung,N
Ciara,F
Cicely,F
Ciera,F
Cierra,F
Cinda,F
Cinderella,F
Cindi,F
Cindie,F
Cindy,F
Cinthia,F
Cira,F
Clair,F
Claire,F
Clara,F
Clare,F
Clarence,F
Claretha,F
Claretta,F
Claribel,N
Clarice,F
Clarinda,F
Clarine,F
Claris,N
Clarisa,F
Clarissa,F
Clarita,F
Clark,M
Classie,F
Claud,M
Claude,M
Claudette,F
Claudia,F
Claudie,F
Claudine,F
Claudio,M
Clay,N
Clayton,M
Clelia,F
Clemencia,F
Clement,M
Clemente,N
Clementina,F
Clementine,F
Clemmie,N
Cleo,N
Cleopatra,F
Cleora,F
Cleotilde,F
Cleta,F
Cletus,N
Cleveland,N
Cliff,M
Clifford,M
Clifton,M
Clint,M
Clinton,M
Clora,F
Clorinda,F
Clotilde,F
Clyde,M
Codi,M
Cody,M
Colby,M
Cole,M
Coleen,N
Coleman,M
Colene,F
Coletta,F
Colette,F
Colin,M
Colleen,N
Collen,N
Collene,F
Collette,F
Collin,M
Colton,M
Columbus,M
Concepcion,N
Conception,N
Concetta,F
Concha,F
Conchita,F
Connie,F
Conrad,F
Constance,N
Consuela,F
Consuelo,M
Contessa,F
Cora,F
Coral,F
Coralee,F
Coralie,F
Corazon,N
Cordelia,F
Cordell,N
Cordia,F
Cordie,N
Coreen,N
Corene,F
Coretta,F
Corey,M
Cori,N
Corie,N
Corina,F
Corine,F
Corinna,F
Corinne,F
Corliss,N
Cornelia,F
Cornelius,M
Cornell,N
Corrie,F
Corrin,N
Corrina,F
Corrine,F
Corrinne,F
Cortez,M
Cortney,F
Cory,M
Courtney,F
Coy,N
Craig,M
Creola,F
Cris,M
Criselda,F
Crissy,F
Crista,F
Cristal,F
Cristen,F
Cristi,F
Cristie,F
Cristin,F
Cristina,F
Cristine,F
Cristobal,N
Cristopher,M
Cristy,F
Cruz,M
Crysta,F
Crystal,F
Crystle,F
Cuc,N
Curt,M
Curtis,M
Cyndi,F
Cyndy,F
Cynthia,F
Cyril,F
Cyrstal,F
Cyrus,M
Cythia,F
Dacia,N
Dagmar,F
Dagny,F
Dahlia,F
Daina,F
Daine,F
Daisey,F
Daisy,F
Dakota,N
Dale,M
Dalene,F
Dalia,F
Dalila,F
Dallas,N
Dalton,M
Damaris,N
Damian,M
Damien,M
Damion,M
Damon,M
Dan,N
Dana,F
Danae,F
Dane,N
Danelle,F
Danette,F
Dani,N
Dania,F
Danial,N
Danica,F
Daniel,M
Daniela,F
Daniele,F
Daniell,N
Daniella,F
Danielle,F
Danika,F
Danille,F
Danilo,M
Danita,F
Dann,N
Danna,F
Dannette,F
Dannie,N
Dannielle,F
Danny,N
Dante,M
Danuta,F
Danyel,N
Danyell,N
Danyelle,F
Daphine,F
Daphne,F
Dara,F
Darby,N
Darcel,N
Darcey,N
Darci,N
Darcie,N
Darcy,N
Darell,M
Daren,M
Daria,F
Darin,M
Dario,M
Darius,M
Darla,F
Darleen,F
Darlena,F
Darlene,F
Darline,F
Darnell,N
Daron,M
Darrel,M
Darrell,M
Darren,M
Darrick,M
Darrin,M
Darron,M
Darryl,M
Darwin,M
Daryl,M
Dave,M
David,M
Davida,F
Davina,F
Davis,M
Dawn,F
Dawna,F
Dawne,F
Dayle,F
Dayna,F
Daysi,F
Deadra,F
Dean,M
Deana,F
Deandra,F
Deandre,F
Deandrea,F
Deane,M
Deangelo,M
Deann,N
Deanna,F
Deanne,F
Deb,F
Debbi,F
Debbie,F
Debbra,F
Debby,F
Debera,F
Debi,F
Debora,F
Deborah,F
Debra,F
Debrah,F
Debroah,F
Dede,F
Dedra,F
Dee,F
Deeann,F
Deeanna,F
Deedee,F
Deedra,F
Deena,F
Deetta,F
Deidra,F
Deidre,F
Deirdre,F
Deja,N
Del,N
Delaine,F
Delana,F
Delbert,M
Delcie,F
Delena,F
Delfina,F
Delia,F
Delicia,F
Delila,F
Delilah,F
Delinda,F
Delisa,F
Dell,M
Della,F
Delma,F
Delmar,N
Delmer,M
Delmy,N
Delois,N
Deloise,F
Delora,F
Deloras,F
Delores,F
Deloris,N
Delorse,N
Delpha,F
Delphia,F
Delphine,F
Delsie,F
Delta,F
Demarcus,M
Demetra,F
Demetria,F
Demetrice,F
Demetrius,M
Dena,F
Denae,F
Deneen,N
Denese,F
Denice,F
Denis,N
Denise,F
Denisha,F
Denisse,F
Denita,F
Denna,F
Dennis,M
Dennise,F
Denny,F
Denver,M
Denyse,F
Deon,M
Deonna,F
Derek,M
Derick,M
Derrick,M
Deshawn,M
Desirae,F
Desire,F
Desiree,F
Desmond,M
Despina,F
Dessie,F
Destiny,F
Detra,F
Devin,M
Devon,M
Devona,F
Devora,F
Devorah,F
Dewayne,M
Dewey,M
Dewitt,M
Dexter,M
Dia,F
Diamond,F
Dian,N
Diana,F
Diane,F
Diann,N
Dianna,F
Dianne,F
Dick,M
Diedra,F
Diedre,F
Diego,M
Dierdre,F
Digna,F
Dillon,N
Dimple,N
Dina,F
Dinah,F
Dino,M
Dinorah,F
Dion,N
Dione,F
Dionna,F
Dionne,F
Dirk,M
Divina,F
Dixie,F
Dodie,F
Dollie,F
Dolly,F
Dolores,F
Doloris,F
Domenic,N
Domenica,F
Dominga,F
Domingo,M
Dominic,N
Dominica,F
Dominick,N
Dominique,F
Dominque,F
Domitila,F
Domonique,F
Don,M
Dona,F
Donald,M
Donella,F
Donetta,F
Donette,F
Dong,N
Donita,F
Donn,N
Donna,F
Donnell,M
Donnetta,F
Donnette,F
Donnie,N
Donny,N
Donovan,M
Donte,M
Donya,F
Dora,F
Dorathy,F
Dorcas,F
Doreatha,F
Doreen,F
Dorene,F
Doretha,F
Dorethea,F
Doretta,F
Dori,N
Doria,F
Dorian,N
Dorie,N
Dorinda,F
Dorine,F
Doris,N
Dorla,F
Dorotha,F
Dorothea,F
Dorothy,F
Dorris,N
Dorsey,N
Dortha,F
Dorthea,F
Dorthey,F
Dorthy,F
Dot,N
Dottie,N
Dotty,N
Doug,M
Douglas,M
Douglass,M
Dovie,N
Doyle,M
Dreama,F
Drema,F
Drew,M
Drucilla,F
Drusilla,F
Duane,M
Dudley,M
Dulce,N
Dulcie,N
Duncan,M
Dung,M
Dusti,N
Dustin,M
Dusty,N
Dwain,M
Dwana,F
Dwayne,M
Dwight,M
Dyan,N
Dylan,M
Earl,M
Earle,N
Earlean,N
Earleen,F
Earlene,F
Earlie,N
Earline,F
Earnest,M
Earnestine,F
Eartha,F
Easter,F
Eboni,F
Ebonie,F
Ebony,F
Echo,F
Ed,M
Eda,F
Edda,F
Eddie,M
Eddy,M
Edelmira,F
Eden,N
Edgar,M
Edgardo,M
Edie,N
Edison,N
Edith,F
Edmond,M
Edmund,M
Edmundo,M
Edna,F
Edra,F
Edris,N
Eduardo,M
Edward,M
Edwardo,M
Edwin,M
Edwina,F
Edyth,F
Edythe,F
Effie,F
Efrain,N
Efren,N
Ehtel,N
Eileen,F
Eilene,F
Ela,F
Eladia,F
Elaina,F
Elaine,F
Elana,F
Elane,F
Elanor,F
Elayne,F
Elba,N
Elbert,M
Elda,F
Elden,N
Eldon,M
Eldora,F
Eldridge,M
Eleanor,F
Eleanora,F
Eleanore,F
Elease,F
Elena,F
Elene,F
Eleni,F
Elenor,F
Elenora,F
Elenore,F
Eleonor,F
Eleonora,F
Eleonore,F
Elfreda,F
Elfrieda,F
Elfriede,F
Eli,F
Elia,F
Eliana,F
Elias,M
Elicia,F
Elida,F
Elidia,F
Elijah,M
Elin,N
Elina,F
Elinor,F
Elinore,F
Elisa,F
Elisabeth,F
Elise,F
Eliseo,M
Elisha,F
Elissa,F
Eliz,N
Eliza,F
Elizabet,F
Elizabeth,F
Elizbeth,F
Elizebeth,F
Elke,N
Ella,F
Ellamae,F
Ellan,N
Ellen,F
Ellena,F
Elli,F
Ellie,F
Elliot,M
Elliott,M
Ellis,N
Ellsworth,N
Elly,N
Ellyn,N
Elma,F
Elmer,M
Elmira,F
Elmo,M
Elna,F
Elnora,F
Elodia,F
Elois,N
Eloisa,F
Eloise,F
Elouise,F
Eloy,N
Elroy,M
Elsa,F
Else,F
Elsie,F
Elsy,F
Elton,M
Elva,F
Elvera,F
Elvia,F
Elvie,F
Elvin,M
Elvina,F
Elvira,F
Elvis,M
Elwanda,F
Elwood,M
Elyse,F
Elza,F
Ema,F
Emanuel,M
Emelda,F
Emelia,F
Emelina,F
Emeline,F
Emely,F
Emerald,F
Emerita,F
Emerson,M
Emery,N
Emiko,M
Emil,M
Emile,M
Emilee,F
Emilia,F
Emilie,F
Emilio,M
Emily,F
Emma,F
Emmaline,F
Emmanuel,M
Emmett,M
Emmie,N
Emmitt,M
Emmy,N
Emogene,N
Emory,N
Ena,F
Enda,F
Enedina,F
Eneida,F
Enid,N
Enoch,N
Enola,F
Enrique,M
Enriqueta,F
Epifania,F
Era,F
Erasmo,M
Eric,M
Erica,F
Erich,M
Erick,M
Ericka,F
Erik,M
Erika,F
Erin,F
Erinn,F
Erlene,F
Erlinda,F
Erline,F
Erma,F
Ermelinda,F
Erminia,F
Erna,F
Ernest,M
Ernestina,F
Ernestine,F
Ernesto,M
Ernie,M
Errol,N
Ervin,M
Erwin,M
Eryn,F
Esmeralda,F
Esperanza,F
Essie,F
Esta,F
Esteban,M
Estefana,F
Estela,F
Estell,N
Estella,F
Estelle,F
Ester,F
Esther,F
Estrella,F
Etha,F
Ethan,M
Ethel,N
Ethelene,F
Ethelyn,F
Ethyl,F
Etsuko,M
Etta,F
Ettie,F
Eufemia,F
Eugena,F
Eugene,F
Eugenia,F
Eugenie,F
Eugenio,M
Eula,F
Eulah,F
Eulalia,F
Eun,N
Euna,F
Eunice,N
Eura,F
Eusebia,F
Eusebio,M
Eustolia,F
Eva,F
Evalyn,F
Evan,M
Evangelina,F
Evangeline,F
Eve,F
Evelia,F
Evelin,F
Evelina,F
Eveline,F
Evelyn,F
Evelyne,F
Evelynn,F
Everett,M
Everette,F
Evette,F
Evia,F
Evie,F
Evita,F
Evon,M
Evonne,F
Ewa,N
Exie,N
Ezekiel,M
Ezequiel,M
Ezra,M
Fabian,M
Fabiola,F
Fae,F
Fairy,F
Faith,F
Fallon,M
Fannie,F
Fanny,F
Farah,N
Farrah,N
Fatima,F
Fatimah,F
Faustina,F
Faustino,M
Fausto,M
Faviola,F
Fawn,F
Fay,F
Faye,F
Fe,N
Federico,M
Felecia,F
Felica,F
Felice,F
Felicia,F
Felicidad,N
Felicita,F
Felicitas,F
Felipa,F
Felipe,M
Felisa,F
Felisha,F
Felix,M
Felton,M
Ferdinand,M
Fermin,M
Fermina,F
Fern,M
Fernanda,F
Fernande,M
Fernando,M
Ferne,N
Fidel,M
Fidela,F
Fidelia,F
Filiberto,M
Filomena,F
Fiona,F
Flavia,F
Fleta,F
Fletcher,M
Flo,F
Flor,N
Flora,F
Florance,N
Florence,N
Florencia,F
Florencio,M
Florene,F
Florentina,F
Florentino,M
Floretta,F
Floria,F
Florida,F
Florinda,F
Florine,F
Florrie,F
Flossie,F
Floy,N
Floyd,M
Fonda,F
Forest,M
Forrest,M
Foster,N
Fran,N
France,N
Francene,F
Frances,N
Francesca,F
Francesco,M
Franchesca,F
Francie,N
Francina,F
Francine,F
Francis,N
Francisca,F
Francisco,M
Francoise,M
Frank,M
Frankie,M
Franklin,M
Franklyn,M
Fransisca,F
Fred,M
Freda,F
Fredda,F
Freddie,M
Freddy,M
Frederic,M
Frederica,F
Frederick,M
Fredericka,F
Fredia,F
Fredric,M
Fredrick,M
Fredricka,F
Freeda,F
Freeman,M
Freida,F
Frida,F
Frieda,F
Fritz,M
Fumiko,M
Gabriel,M
Gabriela,F
Gabriele,N
Gabriella,F
Gabrielle,F
Gail,F
Gala,F
Gale,N
Galen,N
Galina,F
Garfield,M
Garland,N
Garnet,M
Garnett,M
Garret,M
Garrett,M
Garry,M
Garth,M
Gary,M
Gaston,M
Gavin,M
Gay,M
Gaye,M
Gayla,F
Gayle,N
Gaylene,F
Gaylord,M
Gaynell,N
Gaynelle,F
Gearldine,F
Gema,F
Gemma,F
Gena,F
Genaro,M
Gene,M
Genesis,N
Geneva,F
Genevie,F
Genevieve,F
Genevive,F
Genia,F
Genie,N
Genna,F
Gennie,F
Genny,N
Genoveva,F
Geoffrey,M
Georgann,N
George,M
Georgeann,F
Georgeanna,F
Georgene,N
Georgetta,F
Georgette,F
Georgia,F
Georgiana,F
Georgiann,N
Georgianna,F
Georgianne,F
Georgie,N
Georgina,F
Georgine,F
Gerald,M
Geraldine,M
Geraldo,M
Geralyn,F
Gerard,M
Gerardo,M
Gerda,F
Geri,N
Germaine,M
German,M
Gerri,N
Gerry,M
Gertha,F
Gertie,F
Gertrud,F
Gertrude,F
Gertrudis,F
Gertude,F
Ghislaine,F
Gia,F
Gianna,F
Gidget,N
Gigi,F
Gil,N
Gilbert,M
Gilberte,M
Gilberto,M
Gilda,F
Gillian,F
Gilma,F
Gina,F
Ginette,F
Ginger,M
Ginny,F
Gino,M
Giovanna,F
Giovanni,F
Gisela,F
Gisele,F
Giselle,F
Gita,F
Giuseppe,M
Giuseppina,F
Gladis,F
Glady,F
Gladys,F
Glayds,F
Glen,N
Glenda,F
Glendora,F
Glenn,N
Glenna,F
Glennie,N
Glennis,M
Glinda,F
Gloria,F
Glory,F
Glynda,F
Glynis,N
Golda,F
Golden,F
Goldie,F
Gonzalo,M
Gordon,M
Grace,F
Gracia,F
Gracie,F
Graciela,F
Grady,N
Graham,M
Graig,M
Grant,M
Granville,F
Grayce,F
Grazyna,F
Greg,M
Gregg,M
Gregoria,F
Gregorio,M
Gregory,M
Greta,F
Gretchen,F
Gretta,F
Gricelda,F
Grisel,N
Griselda,F
Grover,M
Guadalupe,N
Gudrun,M
Guillermina,F
Guillermo,M
Gus,M
Gussie,M
Gustavo,M
Guy,M
Gwen,N
Gwenda,F
Gwendolyn,F
Gwenn,N
Gwyn,N
Gwyneth,F
Ha,N
Hae,N
Hai,N
Hailey,F
Hal,M
Haley,F
Halina,F
Halley,F
Hallie,F
Han,M
Hana,F
Hang,N
Hanh,N
Hank,M
Hanna,F
Hannah,F
Hannelore,F
Hans,M
Harlan,N
Harland,N
Harley,F
Harmony,F
Harold,M
Harriet,F
Harriett,F
Harriette,F
Harris,M
Harrison,M
Harry,M
Harvey,M
Hassan,M
Hassie,N
Hattie,F
Haydee,F
Hayden,M
Hayley,F
Haywood,M
Hazel,F
Heath,M
Heather,F
Hector,M
Hedwig,F
Hedy,F
Hee,F
Heide,N
Heidi,F
Heidy,F
Heike,M
Helaine,F
Helen,F
Helena,F
Helene,F
Helga,F
Hellen,F
Henrietta,F
Henriette,F
Henry,M
Herb,M
Herbert,M
Heriberto,M
Herlinda,F
Herma,F
Herman,M
Hermelinda,F
Hermila,F
Hermina,F
Hermine,F
Herminia,F
Herschel,M
Hershel,M
Herta,F
Hertha,F
Hester,F
Hettie,F
Hiedi,F
Hien,F
Hilaria,F
Hilario,M
Hilary,F
Hilda,F
Hilde,F
Hildegard,F
Hildegarde,F
Hildred,F
Hillary,F
Hilma,F
Hilton,F
Hipolito,M
Hiram,M
Hiroko,M
Hisako,M
Hoa,F
Hobert,M
Holley,F
Holli,F
Hollie,F
Hollis,F
Holly,F
Homer,M
Honey,F
Hong,M
Hope,F
Horace,M
Horacio,M
Hortencia,F
Hortense,N
Hortensia,F
Hosea,F
Houston,M
Howard,M
Hoyt,M
Hsiu,N
Hubert,M
Hue,N
Huey,M
Hugh,M
Hugo,M
Hui,N
Hulda,F
Humberto,M
Hung,F
Hunter,M
Huong,N
Hwa,N
Hyacinth,F
Hye,N
Hyman,M
Hyo,M
Hyon,N
Hyun,N
Ian,M
Ida,F
Idalia,F
Idell,N
Idella,F
Iesha,F
Ignacia,F
Ignacio,M
Ike,M
Ila,F
Ilana,F
Ilda,F
Ileana,F
Ileen,F
Ilene,F
Iliana,F
Illa,F
Ilona,F
Ilse,F
Iluminada,F
Ima,F
Imelda,F
Imogene,F
In,N
Ina,F
India,F
Indira,F
Inell,F
Ines,F
Inez,F
Inga,F
Inge,F
Ingeborg,F
Inger,N
Ingrid,F
Inocencia,F
Iola,F
Iona,F
Ione,N
Ira,F
Iraida,F
Irena,F
Irene,F
Irina,F
Iris,F
Irish,N
Irma,F
Irmgard,N
Irvin,M
Irving,M
Irwin,M
Isa,F
Isaac,M
Isabel,F
Isabell,F
Isabella,F
Isabelle,F
Isadora,F
Isaiah,N
Isaias,M
Isaura,F
Isela,F
Isiah,N
Isidra,F
Isidro,M
Isis,N
Ismael,M
Isobel,N
Israel,N
Isreal,N
Issac,M
Iva,F
Ivan,M
Ivana,F
Ivelisse,F
Ivette,F
Ivey,F
Ivonne,F
Ivory,F
Ivy,F
Izetta,F
Izola,F
Ja,N
Jacalyn,F
Jacelyn,F
Jacinda,F
Jacinta,F
Jacinto,M
Jack,M
Jackeline,F
Jackelyn,F
Jacki,F
Jackie,F
Jacklyn,F
Jackqueline,F
Jackson,M
Jaclyn,F
Jacob,M
Jacqualine,F
Jacque,M
Jacquelin,F
Jacqueline,F
Jacquelyn,F
Jacquelyne,F
Jacquelynn,F
Jacques,M
Jacquetta,F
Jacqui,M
Jacquie,N
Jacquiline,F
Jacquline,F
Jacqulyn,F
Jada,F
Jade,F
Jadwiga,F
Jae,N
Jaime,N
Jaimee,F
Jaimie,N
Jake,M
Jaleesa,F
Jalisa,F
Jama,F
Jamaal,F
Jamal,M
Jamar,M
Jame,N
Jamee,F
Jamel,N
James,M
Jamey,N
Jami,F
Jamie,N
Jamika,F
Jamila,F
Jamison,M
Jammie,N
Jan,N
Jana,F
Janae,F
Janay,N
Jane,F
Janean,F
Janee,F
Janeen,F
Janel,N
Janell,N
Janella,F
Janelle,F
Janene,F
Janessa,F
Janet,F
Janeth,F
Janett,F
Janetta,F
Janette,F
Janey,F
Jani,F
Janice,F
Janie,F
Janiece,F
Janina,F
Janine,F
Janis,N
Janise,F
Janita,F
Jann,F
Janna,F
Jannet,F
Jannette,F
Jannie,F
January,F
Janyce,F
Jaqueline,F
Jaquelyn,F
Jared,M
Jarod,M
Jarred,M
Jarrett,M
Jarrod,M
Jarvis,M
Jasmin,F
Jasmine,F
Jason,M
Jasper,M
Jaunita,F
Javier,M
Jay,M
Jaye,M
Jayme,N
Jaymie,N
Jayna,F
Jayne,F
Jayson,M
Jazmin,F
Jazmine,F
Jc,M
Jean,M
Jeana,F
Jeane,F
Jeanelle,F
Jeanene,F
Jeanett,F
Jeanetta,F
Jeanette,F
Jeanice,F
Jeanie,F
Jeanine,F
Jeanmarie,M
Jeanna,F
Jeanne,F
Jeannetta,F
Jeannette,F
Jeannie,F
Jeannine,F
Jed,M
Jeff,M
Jefferey,M
Jefferson,M
Jeffery,M
Jeffie,M
Jeffrey,M
Jeffry,M
Jen,F
Jena,F
Jenae,F
Jene,F
Jenee,F
Jenell,F
Jenelle,F
Jenette,F
Jeneva,F
Jeni,F
Jenice,F
Jenifer,F
Jeniffer,F
Jenine,F
Jenise,F
Jenna,F
Jennefer,F
Jennell,N
Jennette,F
Jenni,F
Jennie,F
Jennifer,F
Jenniffer,F
Jennine,F
Jenny,F
Jerald,M
Jeraldine,F
Jeramy,M
Jere,N
Jeremiah,M
Jeremy,M
Jeri,N
Jerica,F
Jerilyn,F
Jerlene,F
Jermaine,M
Jerold,M
Jerome,M
Jeromy,M
Jerrell,M
Jerri,N
Jerrica,F
Jerrie,N
Jerrod,M
Jerrold,M
Jerry,M
Jesenia,F
Jesica,F
Jess,F
Jesse,F
Jessenia,F
Jessi,F
Jessia,F
Jessica,F
Jessie,F
Jessika,F
Jestine,F
Jesus,M
Jesusa,F
Jesusita,F
Jetta,F
Jettie,F
Jewel,F
Jewell,F
Ji,N
Jill,F
Jillian,F
Jim,M
Jimmie,N
Jimmy,M
Jin,N
Jina,F
Jinny,N
Jo,F
Joan,F
Joana,F
Joane,F
Joanie,F
Joann,F
Joanna,F
Joanne,F
Joannie,F
Joaquin,M
Joaquina,F
Jocelyn,F
Jodee,F
Jodi,F
Jodie,F
Jody,M
Joe,M
Joeann,F
Joel,M
Joella,F
Joelle,N
Joellen,F
Joesph,M
Joetta,F
Joette,F
Joey,M
Johana,F
Johanna,F
Johanne,F
John,M
Johna,F
Johnathan,M
Johnathon,M
Johnetta,F
Johnette,F
Johnie,M
Johnna,F
Johnnie,M
Johnny,M
Johnsie,M
Johnson,M
Joi,N
Joie,N
Jolanda,F
Joleen,F
Jolene,F
Jolie,F
Joline,F
Jolyn,F
Jolynn,F
Jon,M
Jona,M
Jonah,M
Jonas,M
Jonathan,M
Jonathon,M
Jone,N
Jonell,N
Jonelle,F
Jong,N
Joni,F
Jonie,F
Jonna,F
Jonnie,F
Jordan,M
Jordon,M
Jorge,M
Jose,M
Josef,M
Josefa,F
Josefina,F
Josefine,F
Joselyn,F
Joseph,M
Josephina,F
Josephine,F
Josette,F
Josh,M
Joshua,M
Josiah,M
Josie,F
Joslyn,F
Jospeh,N
Josphine,F
Josue,M
Jovan,M
Jovita,F
Joy,F
Joya,F
Joyce,F
Joycelyn,F
Joye,F
Juan,M
Juana,F
Juanita,F
Jude,F
Judi,F
Judie,F
Judith,F
Judson,M
Judy,F
Jule,F
Julee,F
Julene,F
Jules,F
Juli,F
Julia,F
Julian,M
Juliana,F
Juliane,F
Juliann,F
Julianna,F
Julianne,F
Julie,F
Julieann,F
Julienne,F
Juliet,F
Julieta,F
Julietta,F
Juliette,F
Julio,M
Julissa,F
Julius,M
June,F
Jung,N
Junie,F
Junior,M
Junita,F
Junko,M
Justa,F
Justin,M
Justina,F
Justine,F
Jutta,F
Ka,N
Kacey,F
Kaci,F
Kacie,F
Kacy,F
Kai,M
Kaila,F
Kaitlin,F
Kaitlyn,F
Kala,F
Kaleigh,F
Kaley,F
Kali,F
Kallie,F
Kalyn,F
Kam,N
Kamala,F
Kami,F
Kamilah,F
Kandace,F
Kandi,F
Kandice,F
Kandis,F
Kandra,F
Kandy,F
Kanesha,F
Kanisha,F
Kara,F
Karan,F
Kareem,M
Kareen,F
Karen,F
Karena,F
Karey,F
Kari,F
Karie,F
Karima,F
Karin,F
Karina,F
Karine,F
Karisa,F
Karissa,F
Karl,M
Karla,F
Karleen,F
Karlene,F
Karly,F
Karlyn,F
Karma,N
Karmen,F
Karol,F
Karole,F
Karoline,F
Karolyn,F
Karon,N
Karren,N
Karri,F
Karrie,F
Karry,F
Kary,F
Karyl,F
Karyn,F
Kasandra,F
Kasey,N
Kasha,F
Kasi,F
Kasie,F
Kassandra,F
Kassie,F
Kate,F
Katelin,F
Katelyn,F
Katelynn,F
Katerine,F
Kathaleen,F
Katharina,F
Katharine,F
Katharyn,F
Kathe,F
Katheleen,F
Katherin,F
Katherina,F
Katherine,F
Kathern,F
Katheryn,F
Kathey,F
Kathi,F
Kathie,F
Kathleen,F
Kathlene,F
Kathline,F
Kathlyn,F
Kathrin,F
Kathrine,F
Kathryn,F
Kathryne,F
Kathy,F
Kathyrn,F
Kati,F
Katia,F
Katie,F
Katina,F
Katlyn,F
Katrice,F
Katrina,F
Kattie,F
Katy,F
Kay,M
Kayce,F
Kaycee,F
Kaye,N
Kayla,F
Kaylee,F
Kayleen,F
Kayleigh,F
Kaylene,F
Kazuko,M
Kecia,F
Keeley,F
Keely,F
Keena,F
Keenan,M
Keesha,F
Keiko,M
Keila,F
Keira,F
Keisha,F
Keith,M
Keitha,F
Keli,F
Kelle,F
Kellee,F
Kelley,F
Kelli,F
Kellie,F
Kelly,F
Kellye,F
Kelsey,F
Kelsi,F
Kelsie,F
Kelvin,M
Kemberly,F
Ken,M
Kena,F
Kenda,F
Kendal,N
Kendall,N
Kendra,F
Kendrick,M
Keneth,M
Kenia,N
Kenisha,F
Kenna,F
Kenneth,M
Kennith,M
Kenny,M
Kent,M
Kenton,M
Kenya,F
Kenyatta,F
Kenyetta,F
Kera,F
Keren,F
Keri,F
Kermit,M
Kerri,F
Kerrie,F
Kerry,F
Kerstin,F
Kesha,F
Keshia,F
Keturah,F
Keva,F
Keven,M
Kevin,M
Khadijah,F
Khalilah,F
Kia,F
Kiana,F
Kiara,F
Kiera,F
Kiersten,F
Kiesha,F
Kieth,M
Kiley,F
Kim,F
Kimber,F
Kimberely,F
Kimberlee,F
Kimberley,F
Kimberli,F
Kimberlie,F
Kimberly,F
Kimbery,F
Kimbra,F
Kimi,M
Kimiko,M
Kina,F
Kindra,F
King,M
Kip,M
Kira,F
Kirby,M
Kirk,M
Kirsten,F
Kirstie,F
Kirstin,F
Kisha,F
Kit,M
Kittie,F
Kitty,F
Kiyoko,N
Kizzie,F
Kizzy,F
Klara,F
Korey,N
Kori,N
Kortney,F
Kory,N
Kourtney,F
Kraig,M
Kris,M
Krishna,F
Krissy,F
Krista,F
Kristal,F
Kristan,N
Kristeen,F
Kristel,F
Kristen,F
Kristi,F
Kristian,M
Kristie,F
Kristin,F
Kristina,F
Kristine,F
Kristle,N
Kristofer,M
Kristopher,M
Kristy,F
Kristyn,F
Krysta,F
Krystal,F
Krysten,F
Krystin,F
Krystina,F
Krystle,N
Krystyna,F
Kum,M
Kurt,M
Kurtis,M
Kyla,F
Kyle,M
Kylee,F
Kylie,F
Kym,F
Kymberly,F
Kyoko,N
Kyong,M
Kyra,F
Kyung,N
Lacey,F
Lachelle,F
Laci,F
Lacie,F
Lacresha,F
Lacy,F
Ladawn,F
Ladonna,F
Lady,F
Lael,F
Lahoma,F
Lai,F
Laila,F
Laine,F
Lajuana,F
Lakeesha,F
Lakeisha,F
Lakendra,F
Lakenya,F
Lakesha,F
Lakeshia,F
Lakia,F
Lakiesha,F
Lakisha,F
Lakita,F
Lala,F
Lamar,M
Lamonica,F
Lamont,M
Lan,N
Lana,F
Lance,M
Landon,M
Lane,N
Lanell,N
Lanelle,F
Lanette,F
Lang,N
Lani,F
Lanie,F
Lanita,F
Lannie,F
Lanny,F
Lanora,F
Laquanda,F
Laquita,F
Lara,F
Larae,F
Laraine,F
Laree,F
Larhonda,F
Larisa,F
Larissa,F
Larita,F
Laronda,F
Larraine,F
Larry,M
Larue,F
Lasandra,F
Lashanda,F
Lashandra,F
Lashaun,M
Lashaunda,F
Lashawn,M
Lashawna,F
Lashawnda,F
Lashay,F
Lashell,N
Lashon,M
Lashonda,F
Lashunda,F
Lasonya,F
Latanya,F
Latarsha,F
Latasha,F
Latashia,F
Latesha,F
Latia,F
Laticia,F
Latina,F
Latisha,F
Latonia,F
Latonya,F
Latoria,F
Latosha,F
Latoya,F
Latoyia,F
Latrice,F
Latricia,F
Latrina,F
Latrisha,F
Launa,F
Laura,F
Lauralee,F
Lauran,N
Laure,N
Laureen,F
Laurel,F
Lauren,F
Laurena,F
Laurence,M
Laurene,F
Lauretta,F
Laurette,F
Lauri,F
Laurice,N
Laurie,F
Laurinda,F
Laurine,F
Lauryn,F
Lavada,F
Lavelle,F
Lavenia,F
Lavera,F
Lavern,M
Laverna,F
Laverne,N
Laveta,F
Lavette,F
Lavina,F
Lavinia,F
Lavon,M
Lavona,F
Lavonda,F
Lavone,F
Lavonia,F
Lavonna,F
Lavonne,F
Lawana,F
Lawanda,F
Lawanna,F
Lawerence,M
Lawrence,M
Layla,F
Layne,M
Lazaro,M
Le,N
Lea,F
Leah,F
Lean,F
Leana,F
Leandra,F
Leandro,M
Leann,F
Leanna,F
Leanne,F
Leanora,F
Leatha,F
Leatrice,F
Lecia,F
Leda,F
Lee,N
Leeann,F
Leeanna,F
Leeanne,F
Leena,F
Leesa,F
Leia,F
Leida,F
Leif,N
Leigh,M
Leigha,F
Leighann,F
Leila,F
Leilani,F
Leisa,F
Leisha,F
Lekisha,F
Lela,F
Lelah,F
Leland,M
Lelia,F
Lemuel,M
Len,N
Lena,F
Lenard,M
Lenita,F
Lenna,F
Lennie,N
Lenny,N
Lenora,F
Lenore,F
Leo,M
Leola,F
Leoma,F
Leon,M
Leona,F
Leonard,M
Leonarda,F
Leonardo,M
Leone,N
Leonel,M
Leonia,F
Leonida,F
Leonie,F
Leonila,F
Leonor,F
Leonora,F
Leonore,F
Leontine,F
Leopoldo,M
Leora,F
Leota,F
Lera,F
Leroy,M
Les,N
Lesa,F
Lesha,F
Lesia,F
Leslee,F
Lesley,F
Lesli,F
Leslie,F
Lessie,F
Lester,F
Leta,F
Letha,F
Leticia,F
Letisha,F
Letitia,F
Lettie,F
Letty,N
Levi,M
Lewis,M
Lexie,F
Lezlie,F
Li,N
Lia,F
Liana,F
Liane,F
Lianne,F
Libbie,N
Libby,N
Liberty,F
Librada,F
Lida,F
Lidia,F
Lien,F
Lieselotte,F
Ligia,F
Lila,F
Lili,F
Lilia,F
Lilian,F
Liliana,F
Lilla,F
Lilli,F
Lillia,F
Lilliam,N
Lillian,F
Lilliana,F
Lillie,F
Lilly,F
Lily,F
Lin,N
Lina,F
Lincoln,M
Linda,F
Lindsay,N
Lindsey,N
Lindsy,F
Lindy,F
Linette,F
Ling,N
Linh,N
Linn,N
Linnea,F
Linnie,N
Lino,M
Linsey,N
Linwood,M
Lionel,M
Lisa,F
Lisabeth,F
Lisandra,F
Lisbeth,F
Lise,F
Lisette,F
Lisha,F
Lissa,F
Lissette,F
Lita,F
Livia,F
Liz,F
Liza,F
Lizabeth,F
Lizbeth,F
Lizeth,F
Lizette,F
Lizzette,F
Lizzie,F
Lloyd,M
Loan,N
Logan,M
Loida,F
Lois,N
Loise,F
Lola,F
Lolita,F
Loma,F
Lon,N
Lona,F
Londa,F
Long,N
Loni,N
Lonna,F
Lonnie,N
Lonny,N
Lora,F
Loraine,F
Loralee,F
Lore,N
Lorean,N
Loree,F
Loreen,F
Lorelei,F
Loren,N
Lorena,F
Lorene,F
Lorenza,F
Lorenzo,M
Loreta,F
Loretta,F
Lorette,F
Lori,F
Loria,F
Loriann,F
Lorie,F
Lorilee,F
Lorina,F
Lorinda,F
Lorine,F
Loris,N
Lorita,F
Lorna,F
Lorraine,F
Lorretta,F
Lorri,F
Lorriane,F
Lorrie,F
Lorrine,F
Lory,F
Lottie,F
Lou,N
Louann,F
Louanne,F
Louella,F
Louetta,F
Louie,M
Louis,M
Louisa,F
Louise,F
Loura,F
Lourdes,N
Lourie,F
Louvenia,F
Love,F
Lovella,F
Lovetta,F
Lovie,F
Lowell,M
Loyce,M
Loyd,M
Lu,N
Luana,F
Luann,F
Luanna,F
Luanne,F
Luba,F
Lucas,M
Luci,F
Lucia,F
Luciana,F
Luciano,M
Lucie,F
Lucien,M
Lucienne,F
Lucila,F
Lucile,F
Lucilla,F
Lucille,F
Lucina,F
Lucinda,F
Lucio,M
Lucius,M
Lucrecia,F
Lucretia,F
Lucy,F
Ludie,F
Ludivina,F
Lue,F
Luella,F
Luetta,F
Luigi,M
Luis,M
Luisa,F
Luise,F
Luke,M
Lula,F
Lulu,F
Luna,F
Lupe,N
Lupita,F
Lura,F
Lurlene,F
Lurline,F
Luther,M
Luvenia,F
Luz,N
Lyda,F
Lydia,F
Lyla,F
Lyle,F
Lyman,M
Lyn,F
Lynda,F
Lyndia,F
Lyndon,M
Lyndsay,N
Lyndsey,N
Lynell,N
Lynelle,F
Lynetta,F
Lynette,F
Lynn,F
Lynna,F
Lynne,F
Lynnette,F
Lynsey,F
Lynwood,M
Ma,N
Mabel,F
Mabelle,F
Mable,F
Mac,M
Machelle,F
Macie,F
Mack,M
Mackenzie,F
Macy,F
Madalene,F
Madaline,F
Madalyn,F
Maddie,F
Madelaine,F
Madeleine,F
Madelene,F
Madeline,F
Madelyn,F
Madge,F
Madie,F
Madison,F
Madlyn,F
Madonna,F
Mae,F
Maegan,F
Mafalda,F
Magali,F
Magaly,F
Magan,F
Magaret,F
Magda,F
Magdalen,F
Magdalena,F
Magdalene,F
Magen,F
Maggie,F
Magnolia,F
Mahalia,F
Mai,F
Maia,F
Maida,F
Maile,F
Maira,F
Maire,F
Maisha,F
Maisie,F
Major,M
Majorie,F
Makeda,F
Malcolm,M
Malcom,M
Malena,F
Malia,F
Malik,M
Malika,F
Malinda,F
Malisa,F
Malissa,F
Malka,F
Mallie,F
Mallory,M
Malorie,F
Malvina,F
Mamie,F
Mammie,F
Man,M
Mana,F
Manda,F
Mandi,F
Mandie,F
Mandy,F
Manie,F
Manual,F
Manuel,F
Manuela,F
Many,N
Mao,M
Maple,N
Mara,F
Maragaret,F
Maragret,F
Maranda,F
Marc,M
Marcel,M
Marcela,F
Marcelene,F
Marcelina,F
Marceline,F
Marcelino,M
Marcell,M
Marcella,F
Marcelle,F
Marcellus,M
Marcelo,M
Marcene,F
Marchelle,F
Marci,F
Marcia,F
Marcie,F
Marco,M
Marcos,M
Marcus,M
Marcy,F
Mardell,N
Maren,F
Marg,F
Margaret,F
Margareta,F
Margarete,F
Margarett,F
Margaretta,F
Margarette,F
Margarita,F
Margarite,F
Margarito,M
Margart,N
Marge,F
Margene,F
Margeret,F
Margert,F
Margery,F
Marget,F
Margherita,F
Margie,F
Margit,F
Margo,M
Margorie,F
Margot,F
Margret,F
Margrett,F
Marguerita,F
Marguerite,F
Margurite,F
Margy,F
Marhta,F
Mari,F
Maria,F
Mariah,F
Mariam,F
Marian,F
Mariana,F
Marianela,F
Mariann,F
Marianna,F
Marianne,F
Mariano,M
Maribel,F
Maribeth,F
Marica,F
Maricela,F
Maricruz,N
Marie,F
Mariel,F
Mariela,F
Mariella,F
Marielle,F
Marietta,F
Mariette,F
Mariko,M
Marilee,F
Marilou,F
Marilu,F
Marilyn,F
Marilynn,F
Marin,N
Marina,F
Marinda,F
Marine,F
Mario,M
Marion,F
Maris,F
Marisa,F
Marisela,F
Marisha,F
Marisol,F
Marissa,F
Marita,F
Maritza,F
Marivel,F
Marjorie,F
Marjory,F
Mark,M
Marketta,F
Markita,F
Markus,M
Marla,F
Marlana,F
Marleen,F
Marlen,F
Marlena,F
Marlene,F
Marlin,F
Marline,F
Marlo,M
Marlon,F
Marlyn,F
Marlys,F
Marna,F
Marni,N
Marnie,N
Marquerite,F
Marquetta,F
Marquis,M
Marquita,F
Marquitta,F
Marry,N
Marsha,F
Marshall,M
Marta,F
Marth,M
Martha,F
Marti,N
Martin,M
Martina,F
Martine,F
Marty,M
Marva,F
Marvel,N
Marvella,F
Marvin,M
Marvis,M
Marx,M
Mary,F
Marya,F
Maryalice,F
Maryam,F
Maryann,F
Maryanna,F
Maryanne,F
Marybelle,F
Marybeth,F
Maryellen,F
Maryetta,F
Maryjane,F
Maryjo,F
Maryland,F
Marylee,F
Marylin,F
Maryln,F
Marylou,F
Marylouise,F
Marylyn,F
Marylynn,F
Maryrose,F
Masako,M
Mason,M
Matha,F
Mathew,M
Mathilda,F
Mathilde,F
Matilda,F
Matilde,F
Matt,M
Matthew,M
Mattie,M
Maud,F
Maude,F
Maudie,F
Maura,F
Maureen,F
Maurice,M
Mauricio,M
Maurine,F
Maurita,F
Mauro,M
Mavis,M
Max,M
Maxie,N
Maxima,F
Maximina,F
Maximo,M
Maxine,F
Maxwell,M
May,F
Maya,F
Maybell,F
Maybelle,F
Maye,F
Mayme,N
Maynard,M
Mayola,F
Mayra,F
Mazie,F
Mckenzie,F
Mckinley,N
Meagan,F
Meaghan,F
Mechelle,F
Meda,F
Mee,F
Meg,F
Megan,F
Meggan,F
Meghan,F
Meghann,F
Mei,F
Mel,F
Melaine,F
Melani,F
Melania,F
Melanie,F
Melany,F
Melba,F
Melda,F
Melia,F
Melida,F
Melina,F
Melinda,F
Melisa,F
Melissa,F
Melissia,F
Melita,F
Mellie,F
Mellisa,F
Mellissa,F
Melodee,F
Melodi,F
Melodie,F
Melody,F
Melonie,F
Melony,F
Melva,F
Melvin,M
Melvina,F
Melynda,F
Mendy,F
Mercedes,F
Mercedez,F
Mercy,F
Meredith,F
Meri,F
Merideth,F
Meridith,F
Merilyn,F
Merissa,F
Merle,F
Merlene,F
Merlin,M
Merlyn,M
Merna,F
Merri,F
Merrie,F
Merrilee,F
Merrill,F
Merry,F
Mertie,N
Mervin,M
Meryl,F
Meta,F
Mi,N
Mia,F
Mica,M
Micaela,F
Micah,M
Micha,M
Michael,M
Michaela,F
Michaele,N
Michal,M
Michale,N
Micheal,M
Michel,M
Michele,F
Michelina,F
Micheline,F
Michell,M
Michelle,F
Michiko,N
Mickey,M
Micki,N
Mickie,N
Miesha,F
Migdalia,F
Mignon,M
Miguel,M
Miguelina,F
Mika,M
Mikaela,F
Mike,M
Mikel,M
Miki,N
Mikki,N
Mila,F
Milagro,M
Milagros,M
Milan,N
Milda,F
Mildred,F
Miles,M
Milford,M
Milissa,F
Millard,M
Millicent,F
Millie,N
Milly,N
Milo,M
Milton,M
Mimi,F
Min,N
Mina,F
Minda,F
Mindi,F
Mindy,F
Minerva,F
Ming,N
Minh,N
Minna,F
Minnie,F
Minta,F
Miquel,M
Mira,F
Miranda,F
Mireille,F
Mirella,F
Mireya,F
Miriam,F
Mirian,F
Mirna,F
Mirta,F
Mirtha,F
Misha,F
Miss,F
Missy,F
Misti,F
Mistie,F
Misty,F
Mitch,M
Mitchel,M
Mitchell,M
Mitsue,N
Mitsuko,N
Mittie,F
Mitzi,F
Mitzie,F
Miyoko,N
Modesta,F
Modesto,M
Mohamed,M
Mohammad,M
Mohammed,M
Moira,F
Moises,N
Mollie,F
Molly,F
Mona,F
Monet,M
Monica,F
Monika,F
Monique,F
Monnie,N
Monroe,M
Monserrate,N
Monte,M
Monty,M
Moon,F
Mora,F
Morgan,N
Moriah,N
Morris,M
Morton,M
Mose,N
Moses,M
Moshe,N
Mozell,N
Mozella,F
Mozelle,F
Mui,F
Muoi,N
Muriel,N
Murray,M
My,N
Myesha,F
Myles,M
Myong,N
Myra,F
Myriam,F
Myrl,F
Myrle,F
Myrna,F
Myron,M
Myrta,F
Myrtice,F
Myrtie,F
Myrtis,N
Myrtle,F
Myung,N
Na,N
Nada,F
Nadene,F
Nadia,F
Nadine,F
Naida,F
Nakesha,F
Nakia,F
Nakisha,F
Nakita,F
Nam,N
Nan,N
Nana,F
Nancee,F
Nancey,F
Nanci,F
Nancie,F
Nancy,F
Nanette,F
Nannette,F
Nannie,F
Naoma,F
Naomi,F
Napoleon,M
Narcisa,F
Natacha,F
Natalia,F
Natalie,F
Natalya,F
Natasha,F
Natashia,F
Nathalie,F
Nathan,M
Nathanael,M
Nathanial,M
Nathaniel,M
Natisha,F
Natividad,N
Natosha,F
Neal,M
Necole,F
Ned,M
Neda,F
Nedra,F
Neely,N
Neida,F
Neil,M
Nelda,F
Nelia,F
Nelida,F
Nell,N
Nella,F
Nelle,F
Nellie,F
Nelly,F
Nelson,M
Nena,F
Nenita,F
Neoma,F
Neomi,F
Nereida,F
Nerissa,F
Nery,N
Nestor,M
Neta,F
Nettie,F
Neva,F
Nevada,F
Neville,M
Newton,M
Nga,N
Ngan,N
Ngoc,N
Nguyet,N
Nia,F
Nichelle,F
Nichol,N
Nicholas,M
Nichole,F
Nicholle,F
Nick,M
Nicki,N
Nickie,F
Nickolas,M
Nickole,F
Nicky,N
Nicol,N
Nicola,F
Nicolas,M
Nicolasa,F
Nicole,F
Nicolette,F
Nicolle,F
Nida,F
Nidia,F
Niesha,F
Nieves,M
Nigel,M
Niki,F
Nikia,F
Nikita,F
Nikki,F
Nikole,F
Nila,F
Nilda,F
Nilsa,F
Nina,F
Ninfa,F
Nisha,F
Nita,F
Noah,N
Noble,N
Nobuko,M
Noe,N
Noel,N
Noelia,F
Noella,F
Noelle,F
Noemi,F
Nohemi,F
Nola,F
Nolan,M
Noma,F
Nona,F
Nora,F
Norah,F
Norbert,M
Norberto,M
Noreen,F
Norene,F
Noriko,N
Norine,F
Norma,F
Norman,M
Normand,M
Norris,M
Nova,F
Novella,F
Nu,N
Nubia,F
Numbers,N
Nydia,F
Nyla,F
Obdulia,F
Ocie,N
Octavia,F
Octavio,M
Oda,F
Odelia,F
Odell,F
Odessa,F
Odette,F
Odilia,F
Odis,M
Ofelia,F
Ok,N
Ola,F
Olen,N
Olene,F
Oleta,F
Olevia,F
Olga,F
Olimpia,F
Olin,M
Olinda,F
Oliva,F
Olive,N
Oliver,M
Olivia,F
Ollie,M
Olympia,F
Oma,F
Omar,M
Omega,N
Omer,M
Ona,F
Oneida,F
Onie,N
Onita,F
Opal,F
Ophelia,F
Ora,F
Oralee,F
Oralia,F
Oren,M
Oretha,F
Orlando,M
Orpha,F
Orval,N
Orville,N
Oscar,M
Ossie,M
Osvaldo,M
Oswaldo,M
Otelia,F
Otha,F
Otilia,F
Otis,M
Otto,M
Ouida,F
Owen,M
Ozell,N
Ozella,F
Ozie,F
Pa,M
Pablo,M
Page,F
Paige,F
Palma,F
Palmer,M
Palmira,F
Pam,F
Pamala,F
Pamela,F
Pamelia,F
Pamella,F
Pamila,F
Pamula,F
Pandora,F
Pansy,N
Paola,F
Paris,F
Parker,M
Parthenia,F
Particia,F
Pasquale,M
Pasty,N
Pat,N
Patience,N
Patria,F
Patrica,F
Patrice,F
Patricia,F
Patrick,M
Patrina,F
Patsy,N
Patti,F
Pattie,F
Patty,F
Paul,M
Paula,F
Paulene,F
Pauletta,F
Paulette,F
Paulina,F
Pauline,F
Paulita,F
Paz,N
Pearl,F
Pearle,F
Pearlene,F
Pearlie,F
Pearline,F
Pearly,F
Pedro,M
Peg,N
Peggie,F
Peggy,F
Pei,N
Penelope,F
Penney,F
Penni,F
Pennie,F
Penny,F
Percy,M
Perla,F
Perry,M
Pete,M
Peter,M
Petra,F
Petrina,F
Petronila,F
Phebe,F
Phil,M
Philip,M
Phillip,M
Phillis,F
Philomena,F
Phoebe,F
Phung,N
Phuong,N
Phylicia,F
Phylis,F
Phyliss,F
Phyllis,F
Pia,F
Piedad,N
Pierre,M
Pilar,M
Ping,N
Pinkie,F
Piper,F
Pok,N
Polly,F
Porfirio,M
Porsche,F
Porsha,F
Porter,M
Portia,F
Precious,F
Preston,M
Pricilla,F
Prince,M
Princess,F
Priscila,F
Priscilla,F
Providencia,F
Prudence,F
Pura,F
Qiana,F
Queen,F
Queenie,F
Quentin,M
Quiana,F
Quincy,N
Quinn,N
Quintin,N
Quinton,M
Quyen,N
Rachael,F
Rachal,F
Racheal,F
Rachel,F
Rachele,F
Rachell,F
Rachelle,F
Racquel,F
Rae,N
Raeann,F
Raelene,F
Rafael,M
Rafaela,F
Raguel,N
Raina,F
Raisa,F
Raleigh,F
Ralph,M
Ramiro,M
Ramon,M
Ramona,F
Ramonita,F
Rana,F
Ranae,F
Randa,F
Randal,N
Randall,N
Randee,F
Randell,N
Randi,N
Randolph,M
Randy,M
Ranee,F
Raphael,M
Raquel,F
Rashad,M
Rasheeda,F
Rashida,F
Raul,M
Raven,F
Ray,M
Raye,M
Rayford,M
Raylene,F
Raymon,M
Raymond,M
Raymonde,N
Raymundo,M
Rayna,F
Rea,F
Reagan,M
Reanna,F
Reatha,F
Reba,F
Rebbeca,F
Rebbecca,F
Rebeca,F
Rebecca,F
Rebecka,F
Rebekah,F
Reda,F
Reed,M
Reena,F
Refugia,F
Refugio,M
Regan,N
Regena,F
Regenia,F
Reggie,M
Regina,F
Reginald,M
Regine,N
Reginia,F
Reid,M
Reiko,M
Reina,F
Reinaldo,M
Reita,F
Rema,F
Remedios,M
Remona,F
Rena,F
Renae,F
Renaldo,M
Renata,F
Renate,F
Renato,M
Renay,F
Renda,F
Rene,N
Renea,F
Renee,N
Renetta,F
Renita,F
Renna,F
Ressie,N
Reta,F
Retha,F
Retta,F
Reuben,M
Reva,F
Rex,M
Rey,F
Reyes,F
Reyna,F
Reynalda,F
Reynaldo,M
Rhea,F
Rheba,F
Rhett,M
Rhiannon,F
Rhoda,F
Rhona,F
Rhonda,F
Ria,F
Ricarda,F
Ricardo,M
Rich,M
Richard,M
Richelle,F
Richie,N
Rick,M
Rickey,M
Ricki,M
Rickie,M
Ricky,M
Rico,M
Rigoberto,M
Rikki,N
Riley,F
Rima,F
Rina,F
Risa,F
Rita,F
Riva,F
Rivka,F
Rob,M
Robbi,N
Robbie,N
Robbin,N
Robby,N
Robbyn,N
Robena,F
Robert,M
Roberta,F
Roberto,M
Robin,N
Robt,N
Robyn,N
Rocco,M
Rochel,F
Rochell,F
Rochelle,F
Rocio,M
Rocky,M
Rod,M
Roderick,M
Rodger,M
Rodney,M
Rodolfo,M
Rodrick,M
Rodrigo,M
Rogelio,M
Roger,M
Roland,M
Rolanda,F
Rolande,N
Rolando,M
Rolf,M
Rolland,M
Roma,F
Romaine,N
Roman,M
Romana,F
Romelia,F
Romeo,M
Romona,F
Ron,M
Rona,F
Ronald,M
Ronda,F
Roni,F
Ronna,F
Ronni,F
Ronnie,F
Ronny,F
Roosevelt,M
Rory,N
Rosa,F
Rosalba,F
Rosalee,F
Rosalia,F
Rosalie,F
Rosalina,F
Rosalind,F
Rosalinda,F
Rosaline,F
Rosalva,F
Rosalyn,F
Rosamaria,F
Rosamond,F
Rosana,F
Rosann,F
Rosanna,F
Rosanne,F
Rosaria,F
Rosario,M
Rosaura,F
Roscoe,M
Rose,F
Roseann,F
Roseanna,F
Roseanne,F
Roselee,F
Roselia,F
Roseline,F
Rosella,F
Roselle,F
Roselyn,F
Rosemarie,F
Rosemary,F
Rosena,F
Rosenda,F
Rosendo,M
Rosetta,F
Rosette,F
Rosia,F
Rosie,F
Rosina,F
Rosio,M
Rosita,F
Roslyn,F
Ross,M
Rossana,F
Rossie,F
Rosy,F
Rowena,F
Roxana,F
Roxane,F
Roxann,F
Roxanna,F
Roxanne,F
Roxie,F
Roxy,F
Roy,M
Royal,F
Royce,N
Rozanne,F
Rozella,F
Ruben,M
Rubi,N
Rubie,N
Rubin,N
Ruby,F
Rubye,N
Rudolf,M
Rudolph,M
Rudy,F
Rueben,F
Rufina,F
Rufus,M
Rupert,M
Russ,M
Russel,M
Russell,M
Rusty,N
Ruth,N
Rutha,F
Ruthann,F
Ruthanne,F
Ruthe,F
Ruthie,F
Ryan,N
Ryann,N
Sabina,F
Sabine,F
Sabra,F
Sabrina,F
Sacha,F
Sachiko,N
Sade,F
Sadie,F
Sadye,F
Sage,N
Sal,N
Salena,F
Salina,F
Salley,F
Sallie,F
Sally,F
Salome,M
Salvador,M
Salvatore,M
Sam,N
Samantha,F
Samara,F
Samatha,F
Samella,F
Samira,F
Sammie,N
Sammy,N
Samual,M
Samuel,M
Sana,F
Sanda,F
Sandee,F
Sandi,F
Sandie,F
Sandra,F
Sandy,F
Sanford,M
Sang,N
Sanjuana,F
Sanjuanita,F
Sanora,F
Santa,F
Santana,F
Santiago,N
Santina,F
Santo,N
Santos,M
Sara,F
Sarah,F
Sarai,F
Saran,N
Sari,F
Sarina,F
Sarita,F
Sasha,F
Saturnina,F
Sau,N
Saul,M
Saundra,F
Savanna,F
Savannah,F
Scarlet,F
Scarlett,F
Scot,M
Scott,M
Scottie,N
Scotty,N
Sean,M
Season,N
Sebastian,M
Sebrina,F
See,N
Seema,F
Selena,F
Selene,F
Selina,F
Selma,F
Sena,F
Senaida,F
September,F
Serafina,F
Serena,F
Sergio,M
Serina,F
Serita,F
Seth,M
Setsuko,N
Seymour,M
Sha,N
Shad,N
Shae,F
Shaina,F
Shakia,F
Shakira,F
Shakita,F
Shala,F
Shalanda,F
Shalon,F
Shalonda,F
Shameka,F
Shamika,F
Shan,N
Shana,F
Shanae,F
Shanda,F
Shandi,F
Shandra,F
Shane,M
Shaneka,F
Shanel,N
Shanell,N
Shanelle,F
Shani,N
Shanice,F
Shanika,F
Shaniqua,F
Shanita,F
Shanna,F
Shannan,F
Shannon,F
Shanon,F
Shanta,F
Shantae,F
Shantay,F
Shante,F
Shantel,F
Shantell,F
Shantelle,F
Shanti,F
Shaquana,F
Shaquita,F
Shara,F
Sharan,F
Sharda,F
Sharee,F
Sharell,F
Sharen,F
Shari,F
Sharice,F
Sharie,F
Sharika,F
Sharilyn,F
Sharita,F
Sharla,F
Sharleen,F
Sharlene,F
Sharmaine,F
Sharolyn,F
Sharon,F
Sharonda,F
Sharri,F
Sharron,F
Sharyl,F
Sharyn,F
Shasta,F
Shaun,F
Shauna,F
Shaunda,F
Shaunna,F
Shaunta,F
Shaunte,F
Shavon,N
Shavonda,F
Shavonne,F
Shawana,F
Shawanda,F
Shawanna,F
Shawn,M
Shawna,F
Shawnda,F
Shawnee,F
Shawnna,F
Shawnta,F
Shay,N
Shayla,F
Shayna,F
Shayne,F
Shea,F
Sheba,F
Sheena,F
Sheila,F
Sheilah,F
Shela,F
Shelba,F
Shelby,F
Sheldon,M
Shelia,F
Shella,F
Shelley,F
Shelli,F
Shellie,F
Shelly,F
Shelton,M
Shemeka,F
Shemika,F
Shena,F
Shenika,F
Shenita,F
Shenna,F
Shera,F
Sheree,F
Sherell,F
Sheri,F
Sherice,F
Sheridan,F
Sherie,F
Sherika,F
Sherill,F
Sherilyn,F
Sherise,F
Sherita,F
Sherlene,F
Sherley,F
Sherly,F
Sherlyn,F
Sherman,M
Sheron,F
Sherrell,F
Sherri,F
Sherrie,F
Sherril,N
Sherrill,N
Sherron,N
Sherry,F
Sherryl,F
Sherwood,M
Shery,N
Sheryl,F
Sheryll,F
Shiela,F
Shila,F
Shiloh,M
Shin,N
Shira,F
Shirely,F
Shirl,N
Shirlee,F
Shirleen,F
Shirlene,F
Shirley,F
Shirly,F
Shizue,N
Shizuko,N
Shon,N
Shona,F
Shonda,F
Shondra,F
Shonna,F
Shonta,F
Shoshana,F
Shu,N
Shyla,F
Sibyl,N
Sid,N
Sidney,N
Sierra,F
Signe,N
Sigrid,F
Silas,N
Silva,F
Silvana,F
Silvia,F
Sima,F
Simon,M
Simona,F
Simone,F
Simonne,F
Sina,F
Sindy,F
Siobhan,F
Sirena,F
Siu,N
Sixta,F
Skye,F
Slyvia,F
So,N
Socorro,N
Sofia,F
Soila,F
Sol,N
Solange,F
Soledad,M
Solomon,M
Somer,N
Sommer,N
Son,M
Sona,F
Sondra,F
Song,N
Sonia,F
Sonja,F
Sonny,N
Sonya,F
Soo,N
Sook,N
Soon,N
Sophia,F
Sophie,F
Soraya,F
Sparkle,F
Spencer,M
Spring,F
Stacee,F
Stacey,F
Staci,F
Stacia,F
Stacie,F
Stacy,F
Stan,M
Stanford,M
Stanley,M
Stanton,M
Star,F
Starla,F
Starr,F
Stasia,F
Stefan,M
Stefani,F
Stefania,F
Stefanie,F
Stefany,F
Steffanie,F
Stella,F
Stepanie,F
Stephaine,F
Stephan,M
Stephane,N
Stephani,F
Stephania,F
Stephanie,F
Stephany,F
Stephen,M
Stephenie,F
Stephine,F
Stephnie,F
Sterling,M
Steve,M
Steven,M
Stevie,M
Stewart,M
Stormy,F
Stuart,M
Su,N
Suanne,F
Sudie,F
Sue,F
Sueann,F
Suellen,F
Suk,N
Sulema,F
Sumiko,N
Summer,F
Sun,N
Sunday,N
Sung,N
Sunni,F
Sunny,F
Sunshine,F
Susan,F
Susana,F
Susann,F
Susanna,F
Susannah,F
Susanne,F
Susie,F
Susy,F
Suzan,F
Suzann,F
Suzanna,F
Suzanne,F
Suzette,F
Suzi,F
Suzie,F
Suzy,F
Svetlana,F
Sybil,F
Syble,F
Sydney,N
Sylvester,M
Sylvia,F
Sylvie,F
Synthia,F
Syreeta,F
Ta,N
Tabatha,F
Tabetha,F
Tabitha,F
Tad,M
Tai,N
Taina,F
Taisha,F
Tajuana,F
Takako,N
Takisha,F
Talia,F
Talisha,F
Talitha,F
Tam,F
Tama,F
Tamala,F
Tamar,F
Tamara,F
Tamatha,F
Tambra,F
Tameika,F
Tameka,F
Tamekia,F
Tamela,F
Tamera,F
Tamesha,F
Tami,F
Tamica,F
Tamie,F
Tamika,F
Tamiko,N
Tamisha,F
Tammara,F
Tammera,F
Tammi,F
Tammie,F
Tammy,F
Tamra,F
Tana,F
Tandra,F
Tandy,F
Taneka,F
Tanesha,F
Tangela,F
Tania,F
Tanika,F
Tanisha,F
Tanja,F
Tanna,F
Tanner,M
Tanya,F
Tara,F
Tarah,F
Taren,N
Tari,F
Tarra,F
Tarsha,F
Taryn,N
Tasha,F
Tashia,F
Tashina,F
Tasia,F
Tatiana,F
Tatum,M
Tatyana,F
Taunya,F
Tawana,F
Tawanda,F
Tawanna,F
Tawna,F
Tawny,F
Tawnya,F
Taylor,N
Tayna,F
Ted,M
Teddy,M
Teena,F
Tegan,F
Teisha,F
Telma,F
Temeka,F
Temika,F
Tempie,N
Temple,N
Tena,F
Tenesha,F
Tenisha,F
Tennie,N
Tennille,M
Teodora,F
Teodoro,M
Teofila,F
Tequila,N
Tera,F
Tereasa,F
Terence,M
Teresa,F
Terese,F
Teresia,F
Teresita,F
Teressa,F
Teri,N
Terica,F
Terina,F
Terisa,F
Terra,F
Terrance,M
Terrell,N
Terrence,M
Terresa,F
Terri,N
Terrie,N
Terrilyn,F
Terry,M
Tesha,F
Tess,F
Tessa,F
Tessie,F
Thad,M
Thaddeus,M
Thalia,F
Thanh,M
Thao,M
Thea,F
Theda,F
Thelma,F
Theo,M
Theodora,F
Theodore,F
Theola,F
Theresa,F
Therese,F
Theresia,F
Theressa,F
Theron,M
Thersa,F
Thi,N
Thomas,M
Thomasena,F
Thomasina,F
Thomasine,F
Thora,F
Thresa,F
Thu,N
Thurman,M
Thuy,N
Tia,F
Tiana,F
Tianna,F
Tiara,F
Tien,N
Tiera,F
Tierra,F
Tiesha,F
Tifany,F
Tiffaney,F
Tiffani,F
Tiffanie,F
Tiffany,F
Tiffiny,F
Tijuana,F
Tilda,F
Tillie,F
Tim,M
Timika,F
Timmy,M
Timothy,M
Tina,F
Tinisha,F
Tiny,F
Tisa,F
Tish,F
Tisha,F
Titus,M
Tobi,M
Tobias,M
Tobie,M
Toby,M
Toccara,F
Tod,M
Todd,M
Toi,N
Tom,M
Tomas,M
Tomasa,F
Tomeka,F
Tomi,M
Tomika,F
Tomiko,M
Tommie,M
Tommy,M
Tommye,N
Tomoko,M
Tona,F
Tonda,F
Tonette,F
Toney,M
Toni,M
Tonia,F
Tonie,N
Tonisha,F
Tonita,F
Tonja,F
Tony,M
Tonya,F
Tora,F
Tori,F
Torie,F
Torri,F
Torrie,F
Tory,M
Tosha,F
Toshia,F
Toshiko,M
Tova,F
Towanda,F
Toya,F
Tracee,F
Tracey,F
Traci,F
Tracie,F
Tracy,F
Tran,N
Trang,N
Travis,M
Treasa,F
Treena,F
Trena,F
Trent,M
Trenton,M
Tresa,F
Tressa,F
Tressie,F
Treva,F
Trevor,M
Trey,M
Tricia,F
Trina,F
Trinh,N
Trinidad,N
Trinity,F
Trish,F
Trisha,F
Trista,F
Tristan,M
Troy,M
Trudi,F
Trudie,F
Trudy,F
Trula,F
Truman,M
Tu,N
Tuan,M
Tula,F
Tuyet,F
Twana,F
Twanda,F
Twanna,F
Twila,F
Twyla,F
Ty,M
Tyesha,F
Tyisha,F
Tyler,M
Tynisha,F
Tyra,F
Tyree,F
Tyrell,M
Tyron,M
Tyrone,M
Tyson,M
Ula,F
Ulrike,F
Ulysses,M
Un,N
Una,F
Ursula,F
Usha,F
Ute,N
Vada,F
Val,N
Valarie,F
Valda,F
Valencia,F
Valene,F
Valentin,F
Valentina,F
Valentine,F
Valeri,F
Valeria,F
Valerie,F
Valery,F
Vallie,F
Valorie,F
Valrie,F
Van,M
Vance,M
Vanda,F
Vanesa,F
Vanessa,F
Vanetta,F
Vania,F
Vanita,F
Vanna,F
Vannesa,F
Vannessa,F
Vashti,M
Vasiliki,N
Vaughn,M
Veda,F
Velda,F
Velia,F
Vella,F
Velma,F
Velva,F
Velvet,N
Vena,F
Venessa,F
Venetta,F
Venice,F
Venita,F
Vennie,N
Venus,F
Veola,F
Vera,F
Verda,F
Verdell,N
Verdie,F
Verena,F
Vergie,F
Verla,F
Verlene,F
Verlie,F
Verline,F
Vern,N
Verna,F
Vernell,N
Vernetta,F
Vernia,F
Vernice,N
Vernie,N
Vernita,F
Vernon,M
Verona,F
Veronica,F
Veronika,F
Veronique,F
Versie,F
Vertie,F
Vesta,F
Veta,F
Vi,F
Vicenta,F
Vicente,F
Vickey,F
Vicki,F
Vickie,F
Vicky,F
Victor,M
Victoria,F
Victorina,F
Vida,F
Viki,F
Vikki,F
Vilma,F
Vina,F
Vince,M
Vincent,M
Vincenza,F
Vincenzo,M
Vinita,F
Vinnie,F
Viola,F
Violet,F
Violeta,F
Violette,F
Virgen,N
Virgie,N
Virgil,M
Virgilio,M
Virgina,F
Virginia,F
Vita,F
Vito,M
Viva,F
Vivan,F
Vivian,F
Viviana,F
Vivien,F
Vivienne,F
Von,N
Voncile,N
Vonda,F
Vonnie,N
Wade,M
Wai,N
Waldo,M
Walker,M
Wallace,M
Wally,M
Walter,M
Walton,M
Waltraud,M
Wan,N
Wanda,F
Waneta,F
Wanetta,F
Wanita,F
Ward,M
Warner,M
Warren,M
Wava,F
Waylon,M
Wayne,M
Wei,F
Weldon,M
Wen,N
Wendell,N
Wendi,F
Wendie,F
Wendolyn,F
Wendy,F
Wenona,F
Werner,M
Wes,N
Wesley,M
Weston,N
Whitley,F
Whitney,F
Wilber,M
Wilbert,M
Wilbur,M
Wilburn,M
Wilda,F
Wiley,N
Wilford,M
Wilfred,M
Wilfredo,M
Wilhelmina,F
Wilhemina,F
Will,M
Willa,F
Willard,M
Willena,F
Willene,F
Willetta,F
Willette,F
Willia,F
William,M
Williams,M
Willian,N
Willie,N
Williemae,F
Willis,M
Willodean,M
Willow,F
Willy,N
Wilma,F
Wilmer,M
Wilson,M
Wilton,M
Windy,F
Winford,M
Winfred,M
Winifred,M
Winnie,F
Winnifred,N
Winona,F
Winston,M
Winter,F
Wm,N
Wonda,F
Woodrow,M
Wyatt,M
Wynell,N
Wynona,F
Xavier,M
Xenia,F
Xiao,N
Xiomara,F
Xochitl,N
Xuan,M
Yadira,F
Yaeko,N
Yael,M
Yahaira,F
Yajaira,F
Yan,N
Yang,N
Yanira,F
Yasmin,F
Yasmine,F
Yasuko,N
Yee,N
Yelena,F
Yen,N
Yer,N
Yesenia,F
Yessenia,F
Yetta,F
Yevette,F
Yi,N
Ying,N
Yoko,F
Yolanda,F
Yolande,F
Yolando,M
Yolonda,F
Yon,N
Yong,N
Yoshie,N
Yoshiko,N
Youlanda,F
Young,N
Yu,N
Yuette,F
Yuk,N
Yuki,N
Yukiko,N
Yuko,N
Yulanda,F
Yun,N
Yung,N
Yuonne,F
Yuri,N
Yuriko,N
Yvette,F
Yvone,F
Yvonne,F
Zachariah,M
Zachary,M
Zachery,M
Zack,M
Zackary,M
Zada,F
Zaida,F
Zana,F
Zandra,F
Zane,M
Zelda,F
Zella,F
Zelma,F
Zena,F
Zenaida,F
Zenia,F
Zenobia,F
Zetta,F
Zina,F
Zita,F
Zoe,F
Zofia,F
Zoila,F
Zola,F
Zona,F
Zonia,F
Zora,F
Zoraida,F
Zula,F
Zulema,F
Zulma,F
